test_number,username,password,corp_id
0,valid,valid,valid
1,valid,valid,space
2,valid,valid,blank
3,valid,space,valid
4,valid,space,space
5,valid,space,blank
6,valid,blank,valid
7,valid,blank,space
8,valid,blank,blank
9,space,valid,valid
10,space,valid,space
11,space,valid,blank
12,space,space,valid
13,space,space,space
14,space,space,blank
15,space,blank,valid
16,space,blank,space
17,space,blank,blank
18,blank,valid,valid
19,blank,valid,space
20,blank,valid,blank
21,blank,space,valid
22,blank,space,space
23,blank,space,blank
24,blank,blank,valid
25,blank,blank,space
26,blank,blank,blank
